Channel Id,Channel Url,Channel Title
UC-X348Le6FmIfc9zxH4KYNA,http://www.youtube.com/channel/UC-X348Le6FmIfc9zxH4KYNA,Artindi
UC-aXv7v3hKkCdYxeAHmtSVg,http://www.youtube.com/channel/UC-aXv7v3hKkCdYxeAHmtSVg,PinoPrime
UC-lHJZR3Gqxm24_Vd_AJ5Yw,http://www.youtube.com/channel/UC-lHJZR3Gqxm24_Vd_AJ5Yw,PewDiePie
UC00IK1Wju0gHV7N1LUGK03Q,http://www.youtube.com/channel/UC00IK1Wju0gHV7N1LUGK03Q,Dornes Mendin
UC05_VFP15Ll-Eui1MwMbyOg,http://www.youtube.com/channel/UC05_VFP15Ll-Eui1MwMbyOg,Paraspectre
UC0GLNhtTu7yI8rl6ZZGeezw,http://www.youtube.com/channel/UC0GLNhtTu7yI8rl6ZZGeezw,TheOdd2sOut
UC0VVYtw21rg2cokUystu2Dw,http://www.youtube.com/channel/UC0VVYtw21rg2cokUystu2Dw,SmallAnt
UC0e3QhIYukixgh5VVpKHH9Q,http://www.youtube.com/channel/UC0e3QhIYukixgh5VVpKHH9Q,Code Bullet
UC2Xd-TjJByJyK2w1zNwY0zQ,http://www.youtube.com/channel/UC2Xd-TjJByJyK2w1zNwY0zQ,Beyond Fireship
UC2eYFnH61tmytImy1mTYvhA,http://www.youtube.com/channel/UC2eYFnH61tmytImy1mTYvhA,Luke Smith
UC3FwaVaqMKb47gIsh8WDylA,http://www.youtube.com/channel/UC3FwaVaqMKb47gIsh8WDylA,The Harry Gold Show
UC3rKyqx3PiaMGkq8w4q1QWw,http://www.youtube.com/channel/UC3rKyqx3PiaMGkq8w4q1QWw,DeadlyComics
UC3tMH8u6yG3mSxi-qpfmpkA,http://www.youtube.com/channel/UC3tMH8u6yG3mSxi-qpfmpkA,TomSka & Friends
UC44G0QdnNQbBLkvK5HybamQ,http://www.youtube.com/channel/UC44G0QdnNQbBLkvK5HybamQ,Pedro Araujo
UC4Qvpti1dS1KKC7PLyLl__g,http://www.youtube.com/channel/UC4Qvpti1dS1KKC7PLyLl__g,BaM Animation
UC4rqhyiTs7XyuODcECvuiiQ,http://www.youtube.com/channel/UC4rqhyiTs7XyuODcECvuiiQ,Scott The Woz
UC5-snCpm24G-mJvAbQP9HyA,http://www.youtube.com/channel/UC5-snCpm24G-mJvAbQP9HyA,WhiteVault
UC51BMPhxKILIU_z7R_0gdyQ,http://www.youtube.com/channel/UC51BMPhxKILIU_z7R_0gdyQ,たろー
UC5aLwbQHgvK3Q8UvEs-UL5g,http://www.youtube.com/channel/UC5aLwbQHgvK3Q8UvEs-UL5g,Budget Livakivi
UC5dGkbhcLjiW93S7ZXRUPKQ,http://www.youtube.com/channel/UC5dGkbhcLjiW93S7ZXRUPKQ,William278
UC6MFZAOHXlKK1FI7V0XQVeA,http://www.youtube.com/channel/UC6MFZAOHXlKK1FI7V0XQVeA,ProZD
UC6sjkvDzyY0J8o7k2Kc5rEw,http://www.youtube.com/channel/UC6sjkvDzyY0J8o7k2Kc5rEw,Lockstin & Gnoggin
UC7Ci1k4sVwmk-Nnb0Q988Aw,http://www.youtube.com/channel/UC7Ci1k4sVwmk-Nnb0Q988Aw,Robert Thomson
UC7HoGty8pGTNO4AM4N-J-yw,http://www.youtube.com/channel/UC7HoGty8pGTNO4AM4N-J-yw,A City
UC7S2m-9UUUeSqUnr8_-XuvA,http://www.youtube.com/channel/UC7S2m-9UUUeSqUnr8_-XuvA,OffendingEverybody
UC7YOGHUfC1Tb6E4pudI9STA,http://www.youtube.com/channel/UC7YOGHUfC1Tb6E4pudI9STA,Mental Outlaw
UC7munRunnips5mRTHdVOPUw,http://www.youtube.com/channel/UC7munRunnips5mRTHdVOPUw,Golden Owl
UC7nysiqTdmisk-tMQ4_rqMw,http://www.youtube.com/channel/UC7nysiqTdmisk-tMQ4_rqMw,RetroNC
UC7yMooezVAKSTHrL-pG3sWg,http://www.youtube.com/channel/UC7yMooezVAKSTHrL-pG3sWg,MunchingOrange
UC8RsU74-hU1pfNKHNMfiFfw,http://www.youtube.com/channel/UC8RsU74-hU1pfNKHNMfiFfw,Helper Wesley
UC98FqLb-fljVb4l6e_FdWjw,http://www.youtube.com/channel/UC98FqLb-fljVb4l6e_FdWjw,PEAR哥
UC9P0bchnch7IqfrbTib4nrA,http://www.youtube.com/channel/UC9P0bchnch7IqfrbTib4nrA,CodyCantEatThis
UC9PY_s84IkOV_MJwEL70sfQ,http://www.youtube.com/channel/UC9PY_s84IkOV_MJwEL70sfQ,Jordan Howlett
UC9PgkQgiREP0f_Or0ENUaGg,http://www.youtube.com/channel/UC9PgkQgiREP0f_Or0ENUaGg,Professor Alex Silver
UC9SoZRIfQhkMhJ10U9ygFqw,http://www.youtube.com/channel/UC9SoZRIfQhkMhJ10U9ygFqw,TunaPogluga
UC9iDlvBVMyE4sazC_cjaJ2A,http://www.youtube.com/channel/UC9iDlvBVMyE4sazC_cjaJ2A,Dangoheart Animation
UC9qN6sMSAZ2MpCmNTbstggQ,http://www.youtube.com/channel/UC9qN6sMSAZ2MpCmNTbstggQ,Only Jerry
UCAO5IihoOid6Wc55HYk-jfw,http://www.youtube.com/channel/UCAO5IihoOid6Wc55HYk-jfw,SDG Games
UCArg9lH2Q_-_cX0vjQQteUw,http://www.youtube.com/channel/UCArg9lH2Q_-_cX0vjQQteUw,Shippiddge
UCAu71emkK4JWb3sEnqg9gOQ,http://www.youtube.com/channel/UCAu71emkK4JWb3sEnqg9gOQ,Zactoshi
UCAuo-Cg2bZVt3YSES1tyl9w,http://www.youtube.com/channel/UCAuo-Cg2bZVt3YSES1tyl9w,SENTRY
UCAv58974MByI1SL2Gy_jhjg,http://www.youtube.com/channel/UCAv58974MByI1SL2Gy_jhjg,Sir Freelancealot
UCBODyKF0JMbUd6D9Bklyzbw,http://www.youtube.com/channel/UCBODyKF0JMbUd6D9Bklyzbw,Alpharad
UCBciYThS5hOiuQ4aOxw4hHg,http://www.youtube.com/channel/UCBciYThS5hOiuQ4aOxw4hHg,Inkbox
UCC1p8piMqXKoUGosm8YeGuA,http://www.youtube.com/channel/UCC1p8piMqXKoUGosm8YeGuA,CodeNoodles
UCC26K7LTSrJK0BPAUyyvtQg,http://www.youtube.com/channel/UCC26K7LTSrJK0BPAUyyvtQg,Brandon James Greer
UCCENHdDo8Qq0tANT5FvPOQw,http://www.youtube.com/channel/UCCENHdDo8Qq0tANT5FvPOQw,Solver Tom
UCCn62cYVpl0e_GN-yo1H9yQ,http://www.youtube.com/channel/UCCn62cYVpl0e_GN-yo1H9yQ,mashed
UCCuP7UNBq5phXX24G78XPhg,http://www.youtube.com/channel/UCCuP7UNBq5phXX24G78XPhg,More CodeNoodles
UCDQBZcjYKP1J1Nu-Y0_D37Q,http://www.youtube.com/channel/UCDQBZcjYKP1J1Nu-Y0_D37Q,Tabbes
UCDlqlJeAydJ5KA78TbGsiUQ,http://www.youtube.com/channel/UCDlqlJeAydJ5KA78TbGsiUQ,aple
UCDsjT-EeCxk1tGUVWPYXK1A,http://www.youtube.com/channel/UCDsjT-EeCxk1tGUVWPYXK1A,IrrationalMango
UCE1IEyq_JisUvzgoaHnQ9dg,http://www.youtube.com/channel/UCE1IEyq_JisUvzgoaHnQ9dg,Sean Millea
UCEVqWlzjOOPgVjySBIHDbuw,http://www.youtube.com/channel/UCEVqWlzjOOPgVjySBIHDbuw,HAXWARE
UCEely8yRu1AxwzykyGSAujg,http://www.youtube.com/channel/UCEely8yRu1AxwzykyGSAujg,Micah Palace
UCFctpiB_Hnlk3ejWfHqSm6Q,http://www.youtube.com/channel/UCFctpiB_Hnlk3ejWfHqSm6Q,The Official Pokémon YouTube channel
UCFn7pc4Z95vOrpctUrAZ9FQ,http://www.youtube.com/channel/UCFn7pc4Z95vOrpctUrAZ9FQ,That One Guy
UCGGTAB19HlHEWPwwmxHsEKA,http://www.youtube.com/channel/UCGGTAB19HlHEWPwwmxHsEKA,GingerPale
UCGfL3vST1HqNWTR0cdIek2g,http://www.youtube.com/channel/UCGfL3vST1HqNWTR0cdIek2g,Kreativs
UCGwu0nbY2wSkW8N-cghnLpA,http://www.youtube.com/channel/UCGwu0nbY2wSkW8N-cghnLpA,JaidenAnimations
UCH6Xtt4GpcQXjOq0_PTDhAw,http://www.youtube.com/channel/UCH6Xtt4GpcQXjOq0_PTDhAw,Dan Povenmire
UCHMyJmk7LeN2nNq5zZIP3zA,http://www.youtube.com/channel/UCHMyJmk7LeN2nNq5zZIP3zA,justmehabibi
UCHTQ49P7xbIKQ04SpUlrVAA,http://www.youtube.com/channel/UCHTQ49P7xbIKQ04SpUlrVAA,Intercactus
UCHu2KNu6TtJ0p4hpSW7Yv7Q,http://www.youtube.com/channel/UCHu2KNu6TtJ0p4hpSW7Yv7Q,Jazza
UCHviy1jiUrpjQHa8dlAxgCQ,http://www.youtube.com/channel/UCHviy1jiUrpjQHa8dlAxgCQ,marmalade
UCI8w2SsEPUh7gV-gF1up_4w,http://www.youtube.com/channel/UCI8w2SsEPUh7gV-gF1up_4w,MerryBytes
UCIEa_a9igyOMQV6_bdX8EbA,http://www.youtube.com/channel/UCIEa_a9igyOMQV6_bdX8EbA,Obserbliviant
UCIPvxxHtvyQ4fSTj5JWpzog,http://www.youtube.com/channel/UCIPvxxHtvyQ4fSTj5JWpzog,Don Stever
UCIn1EsSr4rgSznqrKtteQgA,http://www.youtube.com/channel/UCIn1EsSr4rgSznqrKtteQgA,TheAnimeMen
UCJSDsWutWIQIklY4h2FaCyQ,http://www.youtube.com/channel/UCJSDsWutWIQIklY4h2FaCyQ,Joereo
UCJw1qcUUF7GtqVn5AXk_kqQ,http://www.youtube.com/channel/UCJw1qcUUF7GtqVn5AXk_kqQ,Profussy Lando
UCKDGP3EheRKgrbFg7EQkeaw,http://www.youtube.com/channel/UCKDGP3EheRKgrbFg7EQkeaw,The Sea Rabbit
UCLMkh2PYXpQh52d3m2bzNNA,http://www.youtube.com/channel/UCLMkh2PYXpQh52d3m2bzNNA,KeshArt
UCLW-V3lCinzcfMIrxKzMVDw,http://www.youtube.com/channel/UCLW-V3lCinzcfMIrxKzMVDw,Exavaility
UCLq3WYm66iqJr_caEFDlzbA,http://www.youtube.com/channel/UCLq3WYm66iqJr_caEFDlzbA,Peter Knetter Gaming
UCLtI6aq4G8zinQjUcsxgEXA,http://www.youtube.com/channel/UCLtI6aq4G8zinQjUcsxgEXA,Swindles McCoop
UCM1VmDe6DKW-I5d3tgO7R-A,http://www.youtube.com/channel/UCM1VmDe6DKW-I5d3tgO7R-A,David The Baker
UCMLJ_TROV89ll587opuuY4w,http://www.youtube.com/channel/UCMLJ_TROV89ll587opuuY4w,Saultoons
UCMO0IVUke1WB3cffqL1RggA,http://www.youtube.com/channel/UCMO0IVUke1WB3cffqL1RggA,Extra BaM Animation
UCMgz6xKnRhknj0QZn4kyhdA,http://www.youtube.com/channel/UCMgz6xKnRhknj0QZn4kyhdA,charusharu
UCN-qGJtXJCiG0mMXR2fga6A,http://www.youtube.com/channel/UCN-qGJtXJCiG0mMXR2fga6A,Jaiden
UCNMyoMaXJZITZaRKCz7G23Q,http://www.youtube.com/channel/UCNMyoMaXJZITZaRKCz7G23Q,Peter Knetter
UCN_3Z0OTnYhFZmo4NeymuPQ,http://www.youtube.com/channel/UCN_3Z0OTnYhFZmo4NeymuPQ,Hobson
UCNdNkUfhFfzBtKRU_5QgUvw,http://www.youtube.com/channel/UCNdNkUfhFfzBtKRU_5QgUvw,kekeflipnote
UCNki4tdtDzrZLUyW18_ppoQ,http://www.youtube.com/channel/UCNki4tdtDzrZLUyW18_ppoQ,PaPaSea
UCNnKprAG-MWLsk-GsbsC2BA,http://www.youtube.com/channel/UCNnKprAG-MWLsk-GsbsC2BA,Flashgitz
UCO14AcxrvCKAcKnJ-QlzS4A,http://www.youtube.com/channel/UCO14AcxrvCKAcKnJ-QlzS4A,Riifushi
UCORaUhZVpg7yhxJeaPSTGmQ,http://www.youtube.com/channel/UCORaUhZVpg7yhxJeaPSTGmQ,Pontypants
UCORkUj9eaM2aDJM1VYyDDTA,http://www.youtube.com/channel/UCORkUj9eaM2aDJM1VYyDDTA,Sam Hogan
UCOUykBZFKfgqAkdyEY8JLHg,http://www.youtube.com/channel/UCOUykBZFKfgqAkdyEY8JLHg,Addy Valentine
UCOYWgypDktXdb-HfZnSMK6A,http://www.youtube.com/channel/UCOYWgypDktXdb-HfZnSMK6A,TomSka
UCP0_k4INXrwPS6HhIyYqsTg,http://www.youtube.com/channel/UCP0_k4INXrwPS6HhIyYqsTg,Steven He
UCPHeAtHSXnymNh8b_Kkj2rw,http://www.youtube.com/channel/UCPHeAtHSXnymNh8b_Kkj2rw,Cherdleys
UCPJHQ5_DLtxZ1gzBvZE99_g,http://www.youtube.com/channel/UCPJHQ5_DLtxZ1gzBvZE99_g,AnthonyPadilla
UCPYtQkET_jYxFvXe34YI3_w,http://www.youtube.com/channel/UCPYtQkET_jYxFvXe34YI3_w,Joey Carlino
UCPipGON7E7TV4vw3ByW031g,http://www.youtube.com/channel/UCPipGON7E7TV4vw3ByW031g,GradeBUnderB
UCPtpIZxiPuEYcWtI0X9g_-g,http://www.youtube.com/channel/UCPtpIZxiPuEYcWtI0X9g_-g,Tiny Fish
UCQ1L7xgZwKDCXd1n7mc_LCw,http://www.youtube.com/channel/UCQ1L7xgZwKDCXd1n7mc_LCw,Merideth Morgan
UCQ9HvHH-KRYHI5ynj2kbLwQ,http://www.youtube.com/channel/UCQ9HvHH-KRYHI5ynj2kbLwQ,TheAMaazing
UCQALLeQPoZdZC4JNUboVEUg,http://www.youtube.com/channel/UCQALLeQPoZdZC4JNUboVEUg,Jabrils
UCQzJ9rrUSDh6Cc7Jfn2qCIg,http://www.youtube.com/channel/UCQzJ9rrUSDh6Cc7Jfn2qCIg,DrCoeloCephalo
UCR4u8Ny7c3V8qkvIF3JJG-Q,http://www.youtube.com/channel/UCR4u8Ny7c3V8qkvIF3JJG-Q,Kevin Temmer Tunes
UCRLHJ-7b4pjDpBBHAUXEvjQ,http://www.youtube.com/channel/UCRLHJ-7b4pjDpBBHAUXEvjQ,conaticus
UCRTRqkhrehrY9hJJcLVUeRQ,http://www.youtube.com/channel/UCRTRqkhrehrY9hJJcLVUeRQ,Toniko Pantoja
UCSAYHSNaY5_UEol4_frPurg,http://www.youtube.com/channel/UCSAYHSNaY5_UEol4_frPurg,MandJTV
UCSUf5_EPEfl4zlBKZHkZdmw,http://www.youtube.com/channel/UCSUf5_EPEfl4zlBKZHkZdmw,Danny Gonzalez
UCSvuYPxQVAKIipWgIqRUUoA,http://www.youtube.com/channel/UCSvuYPxQVAKIipWgIqRUUoA,GatorEX
UCTSRIY3GLFYIpkR2QwyeklA,http://www.youtube.com/channel/UCTSRIY3GLFYIpkR2QwyeklA,Drew Gooden
UCTXlQt-VoAWMj2Jwnt5-V4A,http://www.youtube.com/channel/UCTXlQt-VoAWMj2Jwnt5-V4A,solomon gumball
UCTjPQWeqxGI9KAD_X6e8BAQ,http://www.youtube.com/channel/UCTjPQWeqxGI9KAD_X6e8BAQ,Ric
UCTrAO0TDCldnYUN3BkLmGcw,http://www.youtube.com/channel/UCTrAO0TDCldnYUN3BkLmGcw,b001
UCU23CAa9oKtxRVvBMkgIanQ,http://www.youtube.com/channel/UCU23CAa9oKtxRVvBMkgIanQ,mattyburrito MB
UCUTX0Ek1sccH392l9qGWf0A,http://www.youtube.com/channel/UCUTX0Ek1sccH392l9qGWf0A,Aarimous
UCUmLRMERmJrmUtgnbFfknAg,http://www.youtube.com/channel/UCUmLRMERmJrmUtgnbFfknAg,Randy
UCUpi4-7EkY1JPWl6e7MGUtQ,http://www.youtube.com/channel/UCUpi4-7EkY1JPWl6e7MGUtQ,RubberRoss
UCUxc0iEpV8wZV4WLOui0RwQ,http://www.youtube.com/channel/UCUxc0iEpV8wZV4WLOui0RwQ,Gabriel Iglesias
UCUyeluBRhGPCW4rPe_UvBZQ,http://www.youtube.com/channel/UCUyeluBRhGPCW4rPe_UvBZQ,ThePrimeTime
UCWMV8dD0N3tAM2W6GuNCUCg,http://www.youtube.com/channel/UCWMV8dD0N3tAM2W6GuNCUCg,Txreq
UCWPB0WpnMIy-g7zncwIhvQg,http://www.youtube.com/channel/UCWPB0WpnMIy-g7zncwIhvQg,Young Yong Tales
UCX6OQ3DkcsbYNE6H8uQQuVA,http://www.youtube.com/channel/UCX6OQ3DkcsbYNE6H8uQQuVA,MrBeast
UCXQO9EaJHgLZuBjXSTR-gvw,http://www.youtube.com/channel/UCXQO9EaJHgLZuBjXSTR-gvw,BigRig Creates
UCXjBvSgcNWnP85PF25b9N_w,http://www.youtube.com/channel/UCXjBvSgcNWnP85PF25b9N_w,The Other Channel
UCXpU9UIedzYOgryYfS6TJHQ,http://www.youtube.com/channel/UCXpU9UIedzYOgryYfS6TJHQ,CurvyGurlFlo
UCY30JRSgfhYXA6i6xX1erWg,http://www.youtube.com/channel/UCY30JRSgfhYXA6i6xX1erWg,Smosh
UCYNrBrBOgTfHswcz2DdZQFA,http://www.youtube.com/channel/UCYNrBrBOgTfHswcz2DdZQFA,DaFluffyPotato
UCYNyKRHBzd7UPRUtDhofUKg,http://www.youtube.com/channel/UCYNyKRHBzd7UPRUtDhofUKg,Language Simp
UCZKzZJuqekfox4tMsyehx4g,http://www.youtube.com/channel/UCZKzZJuqekfox4tMsyehx4g,DOVOLO
UCZ_cuJGBis0vi6U3bWmvDIg,http://www.youtube.com/channel/UCZ_cuJGBis0vi6U3bWmvDIg,FaceDev
UC_SI1j1d8vJo_rYMV5o_dRg,http://www.youtube.com/channel/UC_SI1j1d8vJo_rYMV5o_dRg,ポケモン公式YouTubeチャンネル
UC_fvAVmQ3aQ4zpuvzGPZP3w,http://www.youtube.com/channel/UC_fvAVmQ3aQ4zpuvzGPZP3w,Sven Johnson
UC_ipr0vUGRTSQlV966DqRPA,http://www.youtube.com/channel/UC_ipr0vUGRTSQlV966DqRPA,IllDepence
UCa6TeYZ2DlueFRne5DyAnyg,http://www.youtube.com/channel/UCa6TeYZ2DlueFRne5DyAnyg,Grandayy
UCaHT88aobpcvRFEuy4v5Clg,http://www.youtube.com/channel/UCaHT88aobpcvRFEuy4v5Clg,Lessons in Meme Culture
UCakAg8hC_RFJm4RI3DlD7SA,http://www.youtube.com/channel/UCakAg8hC_RFJm4RI3DlD7SA,brian david gilbert
UCaoqVlqPTH78_xjTjTOMcmQ,http://www.youtube.com/channel/UCaoqVlqPTH78_xjTjTOMcmQ,Miziziziz
UCbhEFUHDbP3VwTShKViI4sw,http://www.youtube.com/channel/UCbhEFUHDbP3VwTShKViI4sw,nincompoop
UCbxQcz9k0NRRuy0ukgQTDQQ,http://www.youtube.com/channel/UCbxQcz9k0NRRuy0ukgQTDQQ,AustinMcConnell
UCc35WvHmQjLE8NN4Y_ITmUQ,http://www.youtube.com/channel/UCc35WvHmQjLE8NN4Y_ITmUQ,Trevor Wallace
UCcAmz9fEnLtJehBSouJ_hag,http://www.youtube.com/channel/UCcAmz9fEnLtJehBSouJ_hag,Tmato
UCccnyrT2NeVDzypO64Dif-A,http://www.youtube.com/channel/UCccnyrT2NeVDzypO64Dif-A,Cilvanis
UCczbe4Jgx0KW6hOD4A4hVtQ,http://www.youtube.com/channel/UCczbe4Jgx0KW6hOD4A4hVtQ,Now I’m Gear
UCd0ZD4iCXRXf18p3cA7EQfg,http://www.youtube.com/channel/UCd0ZD4iCXRXf18p3cA7EQfg,Taran Van Hemert
UCdFjlnv-TEz-hMmnDzsAXig,http://www.youtube.com/channel/UCdFjlnv-TEz-hMmnDzsAXig,LIL TAY
UCdJdEguB1F1CiYe7OEi3SBg,http://www.youtube.com/channel/UCdJdEguB1F1CiYe7OEi3SBg,JonTronShow
UCdXUwmzmhitTRqtPLazyetg,http://www.youtube.com/channel/UCdXUwmzmhitTRqtPLazyetg,Goodgis
UCdlXwhuPLu0oEdtdMfYomXA,http://www.youtube.com/channel/UCdlXwhuPLu0oEdtdMfYomXA,Corporate Tom
UCdw_rQ-w1qyfVQ-R8-k8B0A,http://www.youtube.com/channel/UCdw_rQ-w1qyfVQ-R8-k8B0A,zls
UCdyMFblTjr-C2N-T5TGftQQ,http://www.youtube.com/channel/UCdyMFblTjr-C2N-T5TGftQQ,Nathan Doan Comedy
UCeQfkJm7gjSCO92o5Dn4vug,http://www.youtube.com/channel/UCeQfkJm7gjSCO92o5Dn4vug,Komazura
UCeW2TPb_b__pTriVVRS1GSQ,http://www.youtube.com/channel/UCeW2TPb_b__pTriVVRS1GSQ,EnlargedKai
UCepPGz8AVCbggMl3BvboaBA,http://www.youtube.com/channel/UCepPGz8AVCbggMl3BvboaBA,brewstewfilms
UCfwBt8Kr8EeEV_Jft9L4TYA,http://www.youtube.com/channel/UCfwBt8Kr8EeEV_Jft9L4TYA,Truegreen7
UCg0kqKYY72OmzYg3JE3bdDA,http://www.youtube.com/channel/UCg0kqKYY72OmzYg3JE3bdDA,ChaoticMeatball
UCg2Wd5eL1Rp5_79_taCQgHA,http://www.youtube.com/channel/UCg2Wd5eL1Rp5_79_taCQgHA,Geom
UCgGiRRVRMT1FpPzZY-85Nyg,http://www.youtube.com/channel/UCgGiRRVRMT1FpPzZY-85Nyg,aple²
UCgHGPOxUMfWsiy1ZyR-tLVw,http://www.youtube.com/channel/UCgHGPOxUMfWsiy1ZyR-tLVw,Livakivi
UCgzg_f5HC6EnY-9q5Px1Q-g,http://www.youtube.com/channel/UCgzg_f5HC6EnY-9q5Px1Q-g,Code Bullets Day Off
UChRc7-w--beDuEWJnSo1D7Q,http://www.youtube.com/channel/UChRc7-w--beDuEWJnSo1D7Q,Woganog
UChadAfPXAdbW7VkZzHTl8dA,http://www.youtube.com/channel/UChadAfPXAdbW7VkZzHTl8dA,MLGaeming
UChrYe70o7NmDioL02PRVWVg,http://www.youtube.com/channel/UChrYe70o7NmDioL02PRVWVg,MattKC
UCiMRP7X5ImalOcee05aXnog,http://www.youtube.com/channel/UCiMRP7X5ImalOcee05aXnog,Jabrils
UCiMxz108IEFwYsiYIp1ZvLw,http://www.youtube.com/channel/UCiMxz108IEFwYsiYIp1ZvLw,PixelzwithaZ
UCiOP8an4Jxpm0ZpIaJucF-g,http://www.youtube.com/channel/UCiOP8an4Jxpm0ZpIaJucF-g,bewky
UCiUnPc7oiZ4wve3aJxO3PKw,http://www.youtube.com/channel/UCiUnPc7oiZ4wve3aJxO3PKw,Luke Muscat
UCid9DssdW6-yxUNl3_aba6A,http://www.youtube.com/channel/UCid9DssdW6-yxUNl3_aba6A,Tama Hero
UCjd21j2y1SW-WyykJ8zarkQ,http://www.youtube.com/channel/UCjd21j2y1SW-WyykJ8zarkQ,TheTalentlessGamer
UCjztW-DlDg05_YM6-oTJTPA,http://www.youtube.com/channel/UCjztW-DlDg05_YM6-oTJTPA,Jonny RaZeR
UClX5lGGHeZ7OILb1ozSNtOg,http://www.youtube.com/channel/UClX5lGGHeZ7OILb1ozSNtOg,Brad's Art School
UClZB6sxv1m5JG-wKuCdPjAQ,http://www.youtube.com/channel/UClZB6sxv1m5JG-wKuCdPjAQ,The Observatory
UCliACYjYqDt7yqSXKo4f4fQ,http://www.youtube.com/channel/UCliACYjYqDt7yqSXKo4f4fQ,Deynum Studio
UClqFSFR_H1yJJ7NRs8xxGCQ,http://www.youtube.com/channel/UClqFSFR_H1yJJ7NRs8xxGCQ,Vimlark
UCmEzz-dPBVrsy4ZluSsYHDg,http://www.youtube.com/channel/UCmEzz-dPBVrsy4ZluSsYHDg,Hyperplexed
UCmVBahNSwnFt8c3jzkfNG-g,http://www.youtube.com/channel/UCmVBahNSwnFt8c3jzkfNG-g,kracc bacc
UCmfJPEfaEMGTu6CaJNr0AEQ,http://www.youtube.com/channel/UCmfJPEfaEMGTu6CaJNr0AEQ,Doodley
UCmjymvhGglJdFaAzhPrxkOQ,http://www.youtube.com/channel/UCmjymvhGglJdFaAzhPrxkOQ,BeastChild
UCmvXfmJEtURCEtHNbMXfDqg,http://www.youtube.com/channel/UCmvXfmJEtURCEtHNbMXfDqg,hotdiggedydemon
UCn1XB-jvmd9fXMzhiA6IR0w,http://www.youtube.com/channel/UCn1XB-jvmd9fXMzhiA6IR0w,Domics
UCn_FAXem2-e3HQvmK-mOH4g,http://www.youtube.com/channel/UCn_FAXem2-e3HQvmK-mOH4g,GLITCH
UCnepIUw_tvOatokJAB1yipA,http://www.youtube.com/channel/UCnepIUw_tvOatokJAB1yipA,MandJTV Plays
UCngn7SVujlvskHRvRKc1cTw,http://www.youtube.com/channel/UCngn7SVujlvskHRvRKc1cTw,BugsWriter
UCo8bcnLyZH8tBIH9V1mLgqQ,http://www.youtube.com/channel/UCo8bcnLyZH8tBIH9V1mLgqQ,TheOdd1sOut
UCotH6CTnRmQPAjfmH9wwARg,http://www.youtube.com/channel/UCotH6CTnRmQPAjfmH9wwARg,Abdul Cisse
UCoyp8-TdLo_NQWqNI66sLYw,http://www.youtube.com/channel/UCoyp8-TdLo_NQWqNI66sLYw,Jabrils
UCpEvVMltLCHJY-tUxSyAwqA,http://www.youtube.com/channel/UCpEvVMltLCHJY-tUxSyAwqA,RetroSilver
UCpIafFPGutTAKOBHMtGen7g,http://www.youtube.com/channel/UCpIafFPGutTAKOBHMtGen7g,Gus Johnson
UCq6VFHwMzcMXbuKyG7SQYIg,http://www.youtube.com/channel/UCq6VFHwMzcMXbuKyG7SQYIg,penguinz0
UCqi0-4XRvQLBo8E5r8bvPsA,http://www.youtube.com/channel/UCqi0-4XRvQLBo8E5r8bvPsA,Jombo
UCr3cBLTYmIK9kY0F_OdFWFQ,http://www.youtube.com/channel/UCr3cBLTYmIK9kY0F_OdFWFQ,Casually Explained
UCrUL8K81R4VBzm-KOYwrcxQ,http://www.youtube.com/channel/UCrUL8K81R4VBzm-KOYwrcxQ,Engineer Man
UCrkGn5IhQH_AXkxiTQzYQgw,http://www.youtube.com/channel/UCrkGn5IhQH_AXkxiTQzYQgw,CandyEvie
UCs0QWPmRwSkchUbJS3CPZ_w,http://www.youtube.com/channel/UCs0QWPmRwSkchUbJS3CPZ_w,TheTalentlessWriter
UCsBjURrPoezykLs9EqgamOA,http://www.youtube.com/channel/UCsBjURrPoezykLs9EqgamOA,Fireship
UCsCWxHukxMUxJABZglzzOdA,http://www.youtube.com/channel/UCsCWxHukxMUxJABZglzzOdA,Content Machine
UCsKVP_4zQ877TEiH_Ih5yDQ,http://www.youtube.com/channel/UCsKVP_4zQ877TEiH_Ih5yDQ,illymation
UCsn9MzwyPKeCE6MEGtMU4gg,http://www.youtube.com/channel/UCsn9MzwyPKeCE6MEGtMU4gg,MortMort
UCsvn_Po0SmunchJYOWpOxMg,http://www.youtube.com/channel/UCsvn_Po0SmunchJYOWpOxMg,videogamedunkey
UCtbXNvxdkAdNoUkLZ5YaDvg,http://www.youtube.com/channel/UCtbXNvxdkAdNoUkLZ5YaDvg,Getgle
UCu6v4AdYxVH5fhfq9mi5llA,http://www.youtube.com/channel/UCu6v4AdYxVH5fhfq9mi5llA,Let Me Explain Studios
UCuKC9RC8lAX_GYozoS3Dfqw,http://www.youtube.com/channel/UCuKC9RC8lAX_GYozoS3Dfqw,RandomDev
UCud4SwNoVHIi-f40pcmBKnA,http://www.youtube.com/channel/UCud4SwNoVHIi-f40pcmBKnA,PolyMars++
UCuriCa9loP_OsH75_5j8M5w,http://www.youtube.com/channel/UCuriCa9loP_OsH75_5j8M5w,JablinskiGames
UCv1DvRY5PyHHt3KN9ghunuw,http://www.youtube.com/channel/UCv1DvRY5PyHHt3KN9ghunuw,Masahiro Sakurai on Creating Games
UCvQwAK9oAYXM0RMucLy2-BA,http://www.youtube.com/channel/UCvQwAK9oAYXM0RMucLy2-BA,Drew Conley
UCvUmwreRrbxeR1mbmojj8fg,http://www.youtube.com/channel/UCvUmwreRrbxeR1mbmojj8fg,SomeThingElseYT
UCwf7GkXUML0Whgdt6lvMFTw,http://www.youtube.com/channel/UCwf7GkXUML0Whgdt6lvMFTw,Crowne Prince
UCx4Q_UtxdUunA_LAljKezNA,http://www.youtube.com/channel/UCx4Q_UtxdUunA_LAljKezNA,Savvy Barbarian
UCxVPH8W2ayMey1-b0SY8rBQ,http://www.youtube.com/channel/UCxVPH8W2ayMey1-b0SY8rBQ,The Coding Sloth
UCyFcxmkcQernyo0PmddhtGA,http://www.youtube.com/channel/UCyFcxmkcQernyo0PmddhtGA,wavetro
UCylGUf9BvQooEFjgdNudoQg,http://www.youtube.com/channel/UCylGUf9BvQooEFjgdNudoQg,The Linux Cast
UCyqXLDebVx9rNnoSpcnNH3Q,http://www.youtube.com/channel/UCyqXLDebVx9rNnoSpcnNH3Q,SomeRanDev
UCz3l6nyODzXLzTxIkARZ8rw,http://www.youtube.com/channel/UCz3l6nyODzXLzTxIkARZ8rw,Barji
UCz7iJPVTBGX6DNO1RNI2Fcg,http://www.youtube.com/channel/UCz7iJPVTBGX6DNO1RNI2Fcg,GradeAUnderA
UCzmtKpQQyZ-9ZNY_bbFtVHw,http://www.youtube.com/channel/UCzmtKpQQyZ-9ZNY_bbFtVHw,Dani2





